1,https://img3.doubanio.com/view/photo/s_ratio_poster/public/p480747492.jpg,希望让人自由。,肖申克的救赎, / The Shawshank Redemption,导演: 弗兰克·德拉邦特 Frank Darabont   主演: 蒂姆·罗宾斯 Tim Robbins /...,1994 / 美国 / 犯罪 剧情,9.7,1576215人评价
2,https://img3.doubanio.com/view/photo/s_ratio_poster/public/p2561716440.jpg,风华绝代。,霸王别姬,导演: 陈凯歌 Kaige Chen   主演: 张国荣 Leslie Cheung / 张丰毅 Fengyi Zha...,1993 / 中国大陆 中国香港 / 剧情 爱情 同性,9.6,1164230人评价
3,https://img3.doubanio.com/view/photo/s_ratio_poster/public/p2559011361.jpg,一部美国近现代史。,阿甘正传, / Forrest Gump,导演: 罗伯特·泽米吉斯 Robert Zemeckis   主演: 汤姆·汉克斯 Tom Hanks / ...,1994 / 美国 / 剧情 爱情,9.5,1226115人评价
4,https://img3.doubanio.com/view/photo/s_ratio_poster/public/p511118051.jpg,怪蜀黍和小萝莉不得不说的故事。,这个杀手不太冷, / Léon,导演: 吕克·贝松 Luc Besson   主演: 让·雷诺 Jean Reno / 娜塔莉·波特曼 ...,1994 / 法国 / 剧情 动作 犯罪,9.4,1418694人评价
5,https://img3.doubanio.com/view/photo/s_ratio_poster/public/p510861873.jpg,最美的谎言。,美丽人生, / La vita è bella,导演: 罗伯托·贝尼尼 Roberto Benigni   主演: 罗伯托·贝尼尼 Roberto Beni...,1997 / 意大利 / 剧情 喜剧 爱情 战争,9.5,717771人评价
6,https://img3.doubanio.com/view/photo/s_ratio_poster/public/p457760035.jpg,失去的才是永恒的。 ,泰坦尼克号, / Titanic,导演: 詹姆斯·卡梅隆 James Cameron   主演: 莱昂纳多·迪卡普里奥 Leonardo...,1997 / 美国 / 剧情 爱情 灾难,9.4,1168275人评价
7,https://img1.doubanio.com/view/photo/s_ratio_poster/public/p2557573348.jpg,最好的宫崎骏，最好的久石让。 ,千与千寻, / 千と千尋の神隠し,导演: 宫崎骏 Hayao Miyazaki   主演: 柊瑠美 Rumi Hîragi / 入野自由 Miy...,2001 / 日本 / 剧情 动画 奇幻,9.3,1259621人评价
8,https://img3.doubanio.com/view/photo/s_ratio_poster/public/p492406163.jpg,拯救一个人，就是拯救整个世界。,辛德勒的名单, / Schindler's List,导演: 史蒂文·斯皮尔伯格 Steven Spielberg   主演: 连姆·尼森 Liam Neeson...,1993 / 美国 / 剧情 历史 战争,9.5,635771人评价
9,https://img3.doubanio.com/view/photo/s_ratio_poster/public/p513344864.jpg,诺兰给了我们一场无法盗取的梦。,盗梦空间, / Inception,导演: 克里斯托弗·诺兰 Christopher Nolan   主演: 莱昂纳多·迪卡普里奥 Le...,2010 / 美国 英国 / 剧情 科幻 悬疑 冒险,9.3,1211737人评价
10,https://img3.doubanio.com/view/photo/s_ratio_poster/public/p524964016.jpg,永远都不能忘记你所爱的人。,忠犬八公的故事, / Hachi: A Dog's Tale,导演: 莱塞·霍尔斯道姆 Lasse Hallström   主演: 理查·基尔 Richard Ger...,2009 / 美国 英国 / 剧情,9.3,812972人评价
11,https://img3.doubanio.com/view/photo/s_ratio_poster/public/p1461851991.jpg,小瓦力，大人生。,机器人总动员, / WALL·E,导演: 安德鲁·斯坦顿 Andrew Stanton   主演: 本·贝尔特 Ben Burtt / 艾丽...,2008 / 美国 / 爱情 科幻 动画 冒险,9.3,803409人评价
12,https://img3.doubanio.com/view/photo/s_ratio_poster/public/p579729551.jpg,英俊版憨豆，高情商版谢耳朵。,三傻大闹宝莱坞, / 3 Idiots,导演: 拉库马·希拉尼 Rajkumar Hirani   主演: 阿米尔·汗 Aamir Khan / 卡...,2009 / 印度 / 剧情 喜剧 爱情 歌舞,9.2,1096622人评价
13,https://img3.doubanio.com/view/photo/s_ratio_poster/public/p1910824951.jpg,天籁一般的童声，是最接近上帝的存在。 ,放牛班的春天, / Les choristes,导演: 克里斯托夫·巴拉蒂 Christophe Barratier   主演: 热拉尔·朱尼奥 Gé...,2004 / 法国 瑞士 德国 / 剧情 音乐,9.3,763518人评价
14,https://img1.doubanio.com/view/photo/s_ratio_poster/public/p511146807.jpg,每个人都要走一条自己坚定了的路，就算是粉身碎骨。 ,海上钢琴师, / La leggenda del pianista sull'oceano,导演: 朱塞佩·托纳多雷 Giuseppe Tornatore   主演: 蒂姆·罗斯 Tim Roth / ...,1998 / 意大利 / 剧情 音乐,9.2,887226人评价
15,https://img3.doubanio.com/view/photo/s_ratio_poster/public/p479682972.jpg,如果再也不能见到你，祝你早安，午安，晚安。,楚门的世界, / The Truman Show,导演: 彼得·威尔 Peter Weir   主演: 金·凯瑞 Jim Carrey / 劳拉·琳妮 Lau...,1998 / 美国 / 剧情 科幻,9.2,850539人评价
16,https://img3.doubanio.com/view/photo/s_ratio_poster/public/p2206088801.jpg,爱是一种力量，让我们超越时空感知它的存在。,星际穿越, / Interstellar,导演: 克里斯托弗·诺兰 Christopher Nolan   主演: 马修·麦康纳 Matthew Mc...,2014 / 美国 英国 加拿大 冰岛 / 剧情 科幻 冒险,9.3,872165人评价
17,https://img3.doubanio.com/view/photo/s_ratio_poster/public/p2455050536.jpg,一生所爱。,大话西游之大圣娶亲, / 西遊記大結局之仙履奇緣,导演: 刘镇伟 Jeffrey Lau   主演: 周星驰 Stephen Chow / 吴孟达 Man Tat Ng...,1995 / 中国香港 中国大陆 / 喜剧 爱情 奇幻 古装,9.2,853454人评价
18,https://img3.doubanio.com/view/photo/s_ratio_poster/public/p2540924496.jpg,人人心中都有个龙猫，童年就永远不会消失。,龙猫, / となりのトトロ,导演: 宫崎骏 Hayao Miyazaki   主演: 日高法子 Noriko Hidaka / 坂本千夏 Ch...,1988 / 日本 / 动画 奇幻 冒险,9.2,751990人评价
19,https://img3.doubanio.com/view/photo/s_ratio_poster/public/p1363250216.jpg,我们一路奋战不是为了改变世界，而是为了不让世界改变我们。,熔炉, / 도가니,导演: 黄东赫 Dong-hyuk Hwang   主演: 孔侑 Yoo Gong / 郑有美 Yu-mi Jeong ...,2011 / 韩国 / 剧情,9.3,505372人评价
20,https://img3.doubanio.com/view/photo/s_ratio_poster/public/p616779645.jpg,千万不要记恨你的对手，这样会让你失去理智。,教父, / The Godfather,导演: 弗朗西斯·福特·科波拉 Francis Ford Coppola   主演: 马龙·白兰度 M...,1972 / 美国 / 剧情 犯罪,9.3,546137人评价
21,https://img3.doubanio.com/view/photo/s_ratio_poster/public/p2564556863.jpg,香港电影史上永不过时的杰作。,无间道, / 無間道,导演: 刘伟强 / 麦兆辉   主演: 刘德华 / 梁朝伟 / 黄秋生,2002 / 中国香港 / 剧情 犯罪 悬疑,9.2,700535人评价
22,https://img1.doubanio.com/view/photo/s_ratio_poster/public/p2315672647.jpg,迪士尼给我们营造的乌托邦就是这样，永远善良勇敢，永远出乎意料。,疯狂动物城, / Zootopia,导演: 拜伦·霍华德 Byron Howard / 瑞奇·摩尔 Rich Moore   主演: 金妮弗·...,2016 / 美国 / 喜剧 动画 冒险,9.2,986411人评价
23,https://img1.doubanio.com/view/photo/s_ratio_poster/public/p1312700628.jpg,平民励志片。 ,当幸福来敲门, / The Pursuit of Happyness,导演: 加布里尔·穆奇诺 Gabriele Muccino   主演: 威尔·史密斯 Will Smith ...,2006 / 美国 / 剧情 传记 家庭,9.1,887688人评价
24,https://img3.doubanio.com/view/photo/s_ratio_poster/public/p663036666.jpg,真正的幸福是来自内心深处。,怦然心动, / Flipped,导演: 罗伯·莱纳 Rob Reiner   主演: 玛德琳·卡罗尔 Madeline Carroll / 卡...,2010 / 美国 / 剧情 喜剧 爱情,9.0,993821人评价
25,https://img1.doubanio.com/view/photo/s_ratio_poster/public/p1454259399.jpg,满满温情的高雅喜剧。,触不可及, / Intouchables,导演: 奥利维·那卡什 Olivier Nakache / 艾力克·托兰达 Eric Toledano   主...,2011 / 法国 / 剧情 喜剧,9.2,579020人评价
26,https://img3.doubanio.com/view/photo/s_ratio_poster/public/p462657443.jpg,无尽的黑暗。,蝙蝠侠：黑暗骑士, / The Dark Knight,导演: 克里斯托弗·诺兰 Christopher Nolan   主演: 克里斯蒂安·贝尔 Christ...,2008 / 美国 英国 / 剧情 动作 科幻 犯罪 惊悚,9.1,573025人评价
27,https://img3.doubanio.com/view/photo/s_ratio_poster/public/p1963126880.jpg,Tomorrow is another day.,乱世佳人, / Gone with the Wind,导演: 维克多·弗莱明 Victor Fleming / 乔治·库克 George Cukor   主演: 费...,1939 / 美国 / 剧情 历史 爱情 战争,9.3,400298人评价
28,https://img3.doubanio.com/view/photo/s_ratio_poster/public/p2513253791.jpg,张艺谋最好的电影。,活着,导演: 张艺谋 Yimou Zhang   主演: 葛优 You Ge / 巩俐 Li Gong / 姜武 Wu Jiang,1994 / 中国大陆 中国香港 / 剧情 历史 家庭,9.2,452629人评价
29,https://img1.doubanio.com/view/photo/s_ratio_poster/public/p1505392928.jpg,比利·怀德满分作品。,控方证人, / Witness for the Prosecution,导演: 比利·怀尔德 Billy Wilder   主演: 泰隆·鲍华 Tyrone Power / 玛琳·...,1957 / 美国 / 剧情 犯罪 悬疑,9.6,205455人评价
30,https://img3.doubanio.com/view/photo/s_ratio_poster/public/p1784592701.jpg,瑰丽壮观、无人能及的冒险之旅。,少年派的奇幻漂流, / Life of Pi,导演: 李安 Ang Lee   主演: 苏拉·沙玛 Suraj Sharma / 伊尔凡·可汗 Irrfan...,2012 / 美国 中国台湾 英国 加拿大 / 剧情 奇幻 冒险,9.0,866962人评价
31,https://img3.doubanio.com/view/photo/s_ratio_poster/public/p2457983084.jpg,你不是在为你一个人战斗，你要让千千万万的女性看到女生并不是只能相夫教子。,摔跤吧！爸爸, / Dangal,导演: 涅提·蒂瓦里 Nitesh Tiwari   主演: 阿米尔·汗 Aamir Khan / 法缇玛...,2016 / 印度 / 剧情 传记 运动 家庭,9.0,868739人评价
32,https://img3.doubanio.com/view/photo/s_ratio_poster/public/p1910825503.jpg,史诗的终章。,指环王3：王者无敌, / The Lord of the Rings: The Return of the King,导演: 彼得·杰克逊 Peter Jackson   主演: 维果·莫腾森 Viggo Mortensen / ...,2003 / 美国 新西兰 / 剧情 动作 奇幻 冒险,9.2,438725人评价
33,https://img1.doubanio.com/view/photo/s_ratio_poster/public/p1446261379.jpg,对天空的追逐，永不停止。 ,天空之城, / 天空の城ラピュタ,导演: 宫崎骏 Hayao Miyazaki   主演: 田中真弓 Mayumi Tanaka / 横泽启子 Ke...,1986 / 日本 / 动画 奇幻 冒险,9.1,514291人评价
34,https://img1.doubanio.com/view/photo/s_ratio_poster/public/p2553104888.jpg,对敌人的仁慈，就是对自己残忍。,鬼子来了,导演: 姜文 Wen Jiang   主演: 姜文 Wen Jiang / 香川照之 Teruyuki Kagawa /...,2000 / 中国大陆 / 剧情 历史 战争,9.2,367347人评价
35,https://img3.doubanio.com/view/photo/s_ratio_poster/public/p2173577632.jpg,1957年的理想主义。 ,十二怒汉, / 12 Angry Men,导演: Sidney Lumet   主演: 亨利·方达 Henry Fonda / 马丁·鲍尔萨姆 Marti...,1957 / 美国 / 剧情,9.4,261457人评价
36,https://img1.doubanio.com/view/photo/s_ratio_poster/public/p2559577569.jpg,那些吻戏，那些青春，都在影院的黑暗里被泪水冲刷得无比清晰。,天堂电影院, / Nuovo Cinema Paradiso,导演: 朱塞佩·托纳多雷 Giuseppe Tornatore   主演: 安东内拉·阿蒂利 Anton...,1988 / 意大利 法国 / 剧情 爱情,9.2,421146人评价
37,https://img3.doubanio.com/view/photo/s_ratio_poster/public/p485887754.jpg,最后那些最无聊的事情，才是最值得怀念的。 ,飞屋环游记, / Up,导演: 彼特·道格特 Pete Docter / 鲍勃·彼德森 Bob Peterson   主演: 爱德...,2009 / 美国 / 剧情 喜剧 动画 冒险,9.0,787797人评价
38,https://img3.doubanio.com/view/photo/s_ratio_poster/public/p2561721372.jpg,旷古烁今。,大话西游之月光宝盒, / 西遊記第壹佰零壹回之月光寶盒,导演: 刘镇伟 Jeffrey Lau   主演: 周星驰 Stephen Chow / 吴孟达 Man Tat Ng...,1995 / 中国香港 中国大陆 / 喜剧 爱情 奇幻 古装,9.0,689319人评价
39,https://img3.doubanio.com/view/photo/s_ratio_poster/public/p2174346180.jpg,带着心爱的人在天空飞翔。,哈尔的移动城堡, / ハウルの動く城,导演: 宫崎骏 Hayao Miyazaki   主演: 倍赏千惠子 Chieko Baishô / 木村拓...,2004 / 日本 / 动画 奇幻 冒险,9.0,579426人评价
40,https://img3.doubanio.com/view/photo/s_ratio_poster/public/p2189265085.jpg,爱情哪怕只有一天。,罗马假日, / Roman Holiday,导演: 威廉·惠勒 William Wyler   主演: 奥黛丽·赫本 Audrey Hepburn / 格...,1953 / 美国 / 喜剧 剧情 爱情,9.0,585827人评价
41,https://img1.doubanio.com/view/photo/s_ratio_poster/public/p1910926158.jpg,邪恶与平庸蛰伏于同一个母体，在特定的时间互相对峙。,搏击俱乐部, / Fight Club,导演: 大卫·芬奇 David Fincher   主演: 爱德华·诺顿 Edward Norton / 布拉...,1999 / 美国 德国 / 剧情 动作 悬疑 惊悚,9.0,549496人评价
42,https://img3.doubanio.com/view/photo/s_ratio_poster/public/p452089833.jpg,“不要跟我比惨，我比你更惨”再适合这部电影不过了。,末代皇帝, / The Last Emperor,导演: 贝纳尔多·贝托鲁奇 Bernardo Bertolucci   主演: 尊龙 John Lone / 陈...,1987 / 英国 意大利 中国大陆 法国 / 剧情 传记 历史,9.2,364763人评价
43,https://img1.doubanio.com/view/photo/s_ratio_poster/public/p2503997609.jpg,死亡不是真的逝去，遗忘才是永恒的消亡。,寻梦环游记, / Coco,导演: 李·昂克里奇 Lee Unkrich / 阿德里安·莫利纳 Adrian Molina   主演: ...,2017 / 美国 / 喜剧 动画 奇幻 音乐,9.0,829710人评价
44,https://img1.doubanio.com/view/photo/s_ratio_poster/public/p2550757929.jpg,史上最美的探戈。,闻香识女人, / Scent of a Woman,导演: 马丁·布莱斯 Martin Brest   主演: 阿尔·帕西诺 Al Pacino / 克里斯...,1992 / 美国 / 剧情,9.0,501148人评价
45,https://img3.doubanio.com/view/photo/s_ratio_poster/public/p2158166535.jpg,电影的现实意义大过电影本身。,辩护人, / 변호인,导演: 杨宇硕 Woo-seok Yang   主演: 宋康昊 Kang-ho Song / 吴达洙 Dal-su O...,2013 / 韩国 / 剧情,9.2,348502人评价
46,https://img3.doubanio.com/view/photo/s_ratio_poster/public/p2118532944.jpg,受过伤害的人总是笑得最开心，因为他们不愿意让身边的人承受一样的痛苦。,素媛, / 소원,导演: 李濬益 Jun-ik Lee   主演: 薛景求 Kyung-gu Sol / 严志媛 Ji-won Uhm ...,2013 / 韩国 / 剧情,9.2,331565人评价
47,https://img1.doubanio.com/view/photo/s_ratio_poster/public/p1808872109.jpg,别样人生。,窃听风暴, / Das Leben der Anderen,导演: 弗洛里安·亨克尔·冯·多纳斯马尔克 Florian Henckel von Donnersmarck  &n...,2006 / 德国 / 剧情 悬疑,9.1,345059人评价
48,https://img3.doubanio.com/view/photo/s_ratio_poster/public/p502437344.jpg,当一个死水般的体制内出现一个活跃的变数时，所有的腐臭都站在了光明的对面。,死亡诗社, / Dead Poets Society,导演: 彼得·威尔 Peter Weir   主演: 罗宾·威廉姆斯 Robin Williams / 罗伯...,1989 / 美国 / 剧情,9.0,420281人评价
49,https://img1.doubanio.com/view/photo/s_ratio_poster/public/p792443418.jpg,4个臭皮匠顶个诸葛亮，盖·里奇果然不是盖的。,两杆大烟枪, / Lock, Stock and Two Smoking Barrels,导演: Guy Ritchie   主演: Jason Flemyng / Dexter Fletcher / Nick Moran,1998 / 英国 / 剧情 喜剧 犯罪,9.1,373827人评价
50,https://img1.doubanio.com/view/photo/s_ratio_poster/public/p792238287.jpg,自由万岁。,飞越疯人院, / One Flew Over the Cuckoo's Nest,导演: 米洛斯·福尔曼 Miloš Forman   主演: 杰克·尼科尔森 Jack Nichols...,1975 / 美国 / 剧情,9.1,377959人评价
51,https://img3.doubanio.com/view/photo/s_ratio_poster/public/p909265336.jpg,承前启后的史诗篇章。,指环王2：双塔奇兵, / The Lord of the Rings: The Two Towers,导演: 彼得·杰克逊 Peter Jackson   主演: 伊利亚·伍德 Elijah Wood / 西恩...,2002 / 美国 新西兰 / 剧情 动作 奇幻 冒险,9.0,410119人评价
52,https://img1.doubanio.com/view/photo/s_ratio_poster/public/p2194138787.jpg,优雅的孤独。,教父2, / The Godfather: Part Ⅱ,导演: 弗朗西斯·福特·科波拉 Francis Ford Coppola   主演: 阿尔·帕西诺 A...,1974 / 美国 / 剧情 犯罪,9.2,296568人评价
53,https://img1.doubanio.com/view/photo/s_ratio_poster/public/p726659067.jpg,动物版《哈姆雷特》。,狮子王, / The Lion King,导演: Roger Allers / 罗伯·明可夫 Rob Minkoff   主演: 乔纳森·泰勒·托马...,1994 / 美国 / 动画 冒险 歌舞,9.0,449624人评价
54,https://img3.doubanio.com/view/photo/s_ratio_poster/public/p1354436051.jpg,传说的开始。,指环王1：魔戒再现, / The Lord of the Rings: The Fellowship of the Ring,导演: 彼得·杰克逊 Peter Jackson   主演: 伊利亚·伍德 Elijah Wood / 西恩...,2001 / 新西兰 美国 / 剧情 动作 奇幻 冒险,9.0,460439人评价
55,https://img3.doubanio.com/view/photo/s_ratio_poster/public/p1465235231.jpg,一张面具背后的理想与革命。,V字仇杀队, / V for Vendetta,导演: 詹姆斯·麦克特格 James McTeigue   主演: 娜塔莉·波特曼 Natalie Por...,2005 / 美国 英国 德国 / 剧情 动作 科幻 惊悚,8.9,644368人评价
56,https://img3.doubanio.com/view/photo/s_ratio_poster/public/p1665997400.jpg,爱是一切逻辑和原由。,美丽心灵, / A Beautiful Mind,导演: 朗·霍华德 Ron Howard   主演: 罗素·克劳 Russell Crowe / 艾德·哈...,2001 / 美国 / 传记 剧情,9.0,449761人评价
57,https://img3.doubanio.com/view/photo/s_ratio_poster/public/p1910899751.jpg,人生不能像做菜，把所有的料都准备好了才下锅。,饮食男女, / 飲食男女,导演: 李安 Ang Lee   主演: 郎雄 Sihung Lung / 杨贵媚 Kuei-Mei Yang / 吴...,1994 / 中国台湾 美国 / 剧情 家庭,9.1,318181人评价
58,https://img1.doubanio.com/view/photo/s_ratio_poster/public/p2555295759.jpg,凝视卑弱生命，用电影改变命运。,何以为家, / كفرناحوم,导演: 娜丁·拉巴基 Nadine Labaki   主演: 扎因·拉费阿 Zain al-Rafeea / ...,2018 / 黎巴嫩 法国 美国 / 剧情,9.1,375761人评价
59,https://img1.doubanio.com/view/photo/s_ratio_poster/public/p2559579779.jpg,海豚的微笑，是世界上最高明的伪装。,海豚湾, / The Cove,导演: 路易·西霍尤斯 Louie Psihoyos   主演: Richard O'Barry / 路易·西霍...,2009 / 美国 / 纪录片,9.3,249167人评价
60,https://img1.doubanio.com/view/photo/s_ratio_poster/public/p449897379.jpg,暗恋的极致。,情书, / Love Letter,导演: 岩井俊二 Shunji Iwai   主演: 中山美穗 Miho Nakayama / 丰川悦司 Ets...,1995 / 日本 / 剧情 爱情,8.9,552048人评价
61,https://img1.doubanio.com/view/photo/s_ratio_poster/public/p2184505167.jpg,经典之作，历久弥新。,大闹天宫,导演: 万籁鸣 Laiming Wan / 唐澄 Cheng  Tang   主演: 邱岳峰 Yuefeng Qiu /...,1961(中国大陆) / 1964(中国大陆) / 1978(中国大陆) / 2004(中国大陆) / 中国大陆 / 动画 奇幻,9.3,195577人评价
62,https://img3.doubanio.com/view/photo/s_ratio_poster/public/p792484461.jpg,音乐能化解仇恨。,钢琴家, / The Pianist,导演: 罗曼·波兰斯基 Roman Polanski   主演: 艾德里安·布洛迪 Adrien Brod...,2002 / 法国 德国 英国 波兰 / 剧情 传记 历史 战争 音乐,9.1,297737人评价
63,https://img3.doubanio.com/view/photo/s_ratio_poster/public/p804947166.jpg,童话世界的开端。,哈利·波特与魔法石, / Harry Potter and the Sorcerer's Stone,导演: Chris Columbus   主演: Daniel Radcliffe / Emma Watson / Rupert Grint,2001 / 美国 英国 / 奇幻 冒险,8.9,479393人评价
64,https://img3.doubanio.com/view/photo/s_ratio_poster/public/p2192535722.jpg,在时间之河里感受溺水之苦。,本杰明·巴顿奇事, / The Curious Case of Benjamin Button,导演: 大卫·芬奇 David Fincher   主演: 凯特·布兰切特 Cate Blanchett / ...,2008 / 美国 / 剧情 爱情 奇幻,8.9,586367人评价
65,https://img3.doubanio.com/view/photo/s_ratio_poster/public/p2498971355.jpg,你以为你以为的就是你以为的。,看不见的客人, / Contratiempo,导演: 奥里奥尔·保罗 Oriol Paulo   主演: 马里奥·卡萨斯 Mario Casas / 阿...,2016 / 西班牙 / 剧情 犯罪 悬疑 惊悚,8.8,648877人评价
66,https://img1.doubanio.com/view/photo/s_ratio_poster/public/p451926968.jpg,视觉革命。,黑客帝国, / The Matrix,导演: 安迪·沃卓斯基 Andy Wachowski / 拉娜·沃卓斯基 Lana Wachowski   主...,1999 / 美国 澳大利亚 / 动作 科幻,8.9,442894人评价
67,https://img1.doubanio.com/view/photo/s_ratio_poster/public/p2441988159.jpg,美丽无罪。,西西里的美丽传说, / Malèna,导演: 朱塞佩·托纳多雷 Giuseppe Tornatore   主演: 莫妮卡·贝鲁奇 Monica ...,2000 / 意大利 美国 / 剧情 战争 情色,8.8,562684人评价
68,https://img3.doubanio.com/view/photo/s_ratio_poster/public/p2173580536.jpg,奔跑的孩子是天使。,小鞋子, / بچههای آسمان,导演: 马基德·马基迪 Majid Majidi   主演: 法拉赫阿米尔·哈什米安 Amir Fa...,1997 / 伊朗 / 剧情 儿童 家庭,9.2,222780人评价
69,https://img1.doubanio.com/view/photo/s_ratio_poster/public/p1512562287.jpg,你给我翻译翻译，神马叫做TMD的惊喜。,让子弹飞,导演: 姜文 Wen Jiang   主演: 姜文 Wen Jiang / 葛优 You Ge / 周润发 Yun-F...,2010 / 中国大陆 中国香港 / 剧情 喜剧 动作 西部,8.8,952973人评价
70,https://img1.doubanio.com/view/photo/s_ratio_poster/public/p477229647.jpg,往事如烟，无处祭奠。,美国往事, / Once Upon a Time in America,导演: 赛尔乔·莱翁内 Sergio Leone   主演: 罗伯特·德尼罗 Robert De Niro ...,1984 / 意大利 美国 / 犯罪 剧情,9.2,251632人评价
71,https://img3.doubanio.com/view/photo/s_ratio_poster/public/p1014542496.jpg,美利坚精神输出大片No1.,拯救大兵瑞恩, / Saving Private Ryan,导演: 史蒂文·斯皮尔伯格 Steven Spielberg   主演: 汤姆·汉克斯 Tom Hanks...,1998 / 美国 / 剧情 历史 战争,9.0,376071人评价
72,https://img3.doubanio.com/view/photo/s_ratio_poster/public/p2189265302.jpg,用音乐化解仇恨，让歌声串起美好。,音乐之声, / The Sound of Music,导演: 罗伯特·怀斯 Robert Wise   主演: 朱莉·安德鲁斯 Julie Andrews / 克...,1965 / 美国 / 剧情 传记 爱情 歌舞,9.0,346966人评价
73,https://img3.doubanio.com/view/photo/s_ratio_poster/public/p453924541.jpg,骗子大师和执著警探的你追我跑故事。 ,猫鼠游戏, / Catch Me If You Can,导演: 史蒂文·斯皮尔伯格 Steven Spielberg   主演: 莱昂纳多·迪卡普里奥 L...,2002 / 美国 加拿大 / 传记 犯罪 剧情,8.9,414946人评价
74,https://img3.doubanio.com/view/photo/s_ratio_poster/public/p480383375.jpg,孪生蝙蝠侠大战克隆金刚狼。,致命魔术, / The Prestige,导演: 克里斯托弗·诺兰 Christopher Nolan   主演: 休·杰克曼 Hugh Jackman...,2006 / 美国 英国 / 剧情 悬疑 惊悚,8.8,505156人评价
75,https://img3.doubanio.com/view/photo/s_ratio_poster/public/p457631605.jpg,警察抓小偷，老鼠玩死猫。,七宗罪, / Se7en,导演: 大卫·芬奇 David Fincher   主演: 摩根·弗里曼 Morgan Freeman / 布...,1995 / 美国 / 剧情 犯罪 悬疑 惊悚,8.8,600985人评价
76,https://img3.doubanio.com/view/photo/s_ratio_poster/public/p884763596.jpg,以戏谑来戏谑戏谑。,被嫌弃的松子的一生, / 嫌われ松子の一生,导演: 中岛哲也 Tetsuya Nakashima   主演: 中谷美纪 Miki Nakatani / 瑛太 E...,2006 / 日本 / 剧情 歌舞,8.9,452602人评价
77,https://img3.doubanio.com/view/photo/s_ratio_poster/public/p1910902213.jpg,故事的高级讲法。,低俗小说, / Pulp Fiction,导演: 昆汀·塔伦蒂诺 Quentin Tarantino   主演: 约翰·特拉沃尔塔 John Tra...,1994 / 美国 / 剧情 喜剧 犯罪,8.8,502360人评价
78,https://img1.doubanio.com/view/photo/s_ratio_poster/public/p1593414327.jpg,安东尼·霍普金斯的顶级表演。,沉默的羔羊, / The Silence of the Lambs,导演: 乔纳森·戴米 Jonathan Demme   主演: 朱迪·福斯特 Jodie Foster / 安...,1991 / 美国 / 剧情 犯罪 惊悚,8.8,504643人评价
79,https://img1.doubanio.com/view/photo/s_ratio_poster/public/p2209066019.jpg,人的命运被自己瞬间的抉择改变。,蝴蝶效应, / The Butterfly Effect,导演: 埃里克·布雷斯 Eric Bress / J·麦基·格鲁伯 J. Mackye Gruber   主...,2004 / 美国 加拿大 / 剧情 悬疑 科幻 惊悚,8.8,556807人评价
80,https://img3.doubanio.com/view/photo/s_ratio_poster/public/p465939041.jpg,爱情纠缠，男女一致。,春光乍泄, / 春光乍洩,导演: 王家卫 Kar Wai Wong   主演: 张国荣 Leslie Cheung / 梁朝伟 Tony Leu...,1997 / 中国香港 日本 韩国 / 剧情 爱情 同性,8.9,373810人评价
81,https://img3.doubanio.com/view/photo/s_ratio_poster/public/p1473670352.jpg,尽管有些不切实际的幻想，这部电影依旧是一部感人肺腑的佳作。,穿条纹睡衣的男孩, / The Boy in the Striped Pajamas,导演: 马克·赫尔曼 Mark Herman   主演: 阿萨·巴特菲尔德 Asa Butterfield ...,2008 / 英国 美国 / 剧情 战争,9.0,263823人评价
82,https://img3.doubanio.com/view/photo/s_ratio_poster/public/p1374546770.jpg,史诗大片的典范。,勇敢的心, / Braveheart,导演: 梅尔·吉布森 Mel Gibson   主演: 梅尔·吉布森 Mel Gibson / 苏菲·玛...,1995 / 美国 / 动作 传记 剧情 历史 战争,8.9,392188人评价
83,https://img3.doubanio.com/view/photo/s_ratio_poster/public/p2447590313.jpg,法式小清新。 ,天使爱美丽, / Le fabuleux destin d'Amélie Poulain,导演: 让-皮埃尔·热内 Jean-Pierre Jeunet   主演: 奥黛丽·塔图 Audrey Tau...,2001 / 法国 德国 / 喜剧 爱情,8.7,665621人评价
84,https://img1.doubanio.com/view/photo/s_ratio_poster/public/p480956937.jpg,浪漫忧郁的成人童话。,剪刀手爱德华, / Edward Scissorhands,导演: 蒂姆·波顿 Tim Burton   主演: 约翰尼·德普 Johnny Depp / 薇诺娜·...,1990 / 美国 / 剧情 奇幻 爱情,8.7,684895人评价
85,https://img3.doubanio.com/view/photo/s_ratio_poster/public/p480965695.jpg,人生中应该拥有这样的一段豁然开朗。,心灵捕手, / Good Will Hunting,导演: 格斯·范·桑特 Gus Van Sant   主演: 马特·达蒙 Matt Damon / 罗宾·...,1997 / 美国 / 剧情,8.8,408917人评价
86,https://img1.doubanio.com/view/photo/s_ratio_poster/public/p1832875827.jpg,昔日翩翩少年，今日大腹便便。,禁闭岛, / Shutter Island,导演: Martin Scorsese   主演: 莱昂纳多·迪卡普里奥 Leonardo DiCaprio / ...,2010 / 美国 / 剧情 悬疑 惊悚,8.8,546198人评价
87,https://img3.doubanio.com/view/photo/s_ratio_poster/public/p2178872593.jpg,小清新的故事里注入了大历史的情怀。,布达佩斯大饭店, / The Grand Budapest Hotel,导演: 韦斯·安德森 Wes Anderson   主演: 拉尔夫·费因斯 Ralph Fiennes / ...,2014 / 美国 德国 英国 / 剧情 喜剧 冒险,8.8,509263人评价
88,https://img1.doubanio.com/view/photo/s_ratio_poster/public/p2180085848.jpg,绝对意义上的美轮美奂。,阿凡达, / Avatar,导演: 詹姆斯·卡梅隆 James Cameron   主演: 萨姆·沃辛顿 Sam Worthington ...,2009 / 美国 英国 / 动作 战争 科幻 冒险,8.7,799595人评价
89,https://img1.doubanio.com/view/photo/s_ratio_poster/public/p594972928.jpg,死可能是一道门，逝去并不是终结，而是超越，走向下一程。,入殓师, / おくりびと,导演: 泷田洋二郎 Yôjirô Takita   主演: 本木雅弘 Masahiro Motoki / ...,2008 / 日本 / 剧情,8.8,405204人评价
90,https://img3.doubanio.com/view/photo/s_ratio_poster/public/p1613191025.jpg,人与自然的战争史诗。,幽灵公主, / もののけ姫,导演: 宫崎骏 Hayao Miyazaki   主演: 松田洋治 Yôji Matsuda / 石田百合...,1997 / 日本 / 动画 奇幻 冒险,8.9,340389人评价
91,https://img3.doubanio.com/view/photo/s_ratio_poster/public/p1596085504.jpg,约翰尼·德普的独角戏。,加勒比海盗, / Pirates of the Caribbean: The Curse of the Black Pearl,导演: 戈尔·维宾斯基 Gore Verbinski   主演: 约翰尼·德普 Johnny Depp / ...,2003 / 美国 / 动作 冒险 奇幻,8.7,527657人评价
92,https://img3.doubanio.com/view/photo/s_ratio_poster/public/p2173707976.jpg,大时代中的人生，小人物的悲喜。,摩登时代, / Modern Times,导演: 查理·卓别林 Charles Chaplin   主演: 查理·卓别林 Charles Chaplin ...,1936 / 美国 / 剧情 喜剧 爱情,9.3,152416人评价
93,https://img3.doubanio.com/view/photo/s_ratio_poster/public/p2558364386.jpg,最不可能的那个人永远是最可能的。,致命ID, / Identity,导演: James Mangold   主演: John Cusack / Ray Liotta / Amanda Peet,2003 / 美国 / 剧情 悬疑 惊悚,8.7,461495人评价
94,https://img1.doubanio.com/view/photo/s_ratio_poster/public/p513535588.jpg,每个人心中都有一座断背山。,断背山, / Brokeback Mountain,导演: 李安 Ang Lee   主演: 希斯·莱杰 Heath Ledger / 杰克·吉伦哈尔 Jake...,2005 / 美国 加拿大 / 剧情 爱情 同性 家庭,8.7,454611人评价
95,https://img3.doubanio.com/view/photo/s_ratio_poster/public/p2564685215.jpg,一场华丽的意淫。,阳光灿烂的日子,导演: 姜文 Wen Jiang   主演: 夏雨 Yu Xia / 宁静 Jing Ning / 陶虹 Hong Tao,1994 / 中国大陆 中国香港 / 剧情 爱情,8.8,384402人评价
96,https://img3.doubanio.com/view/photo/s_ratio_poster/public/p792381411.jpg,寂寞没有期限。,重庆森林, / 重慶森林,导演: 王家卫 Kar Wai Wong   主演: 林青霞 Brigitte Lin / 金城武 Takeshi K...,1994 / 中国香港 / 剧情 爱情,8.7,478265人评价
97,https://img3.doubanio.com/view/photo/s_ratio_poster/public/p2220184425.jpg,深入内心的恐怖，出人意料的结局。,第六感, / The Sixth Sense,导演: M·奈特·沙马兰 M. Night Shyamalan   主演: 布鲁斯·威利斯 Bruce Wi...,1999 / 美国 / 剧情 悬疑 惊悚,8.8,330476人评价
98,https://img1.doubanio.com/view/photo/s_ratio_poster/public/p1546987967.jpg,人言可畏。,狩猎, / Jagten,导演: 托马斯·温特伯格 Thomas Vinterberg   主演: 麦斯·米科尔森 Mads Mik...,2012 / 丹麦 瑞典 / 剧情,9.1,199775人评价
99,https://img3.doubanio.com/view/photo/s_ratio_poster/public/p1043597424.jpg,我是一个演员。,喜剧之王, / 喜劇之王,导演: 周星驰 Stephen Chow / 李力持 Lik-Chi Lee   主演: 周星驰 Stephen Ch...,1999 / 中国香港 / 喜剧 剧情 爱情,8.7,524087人评价
100,https://img1.doubanio.com/view/photo/s_ratio_poster/public/p1820615077.jpg,你是我最好的朋友，你是我唯一的朋友 。,玛丽和马克思, / Mary and Max,导演: 亚当·艾略特 Adam Elliot   主演: 托妮·科莱特 Toni Collette / 菲利...,2009 / 澳大利亚 / 剧情 喜剧 动画,8.9,292864人评价
101,https://img3.doubanio.com/view/photo/s_ratio_poster/public/p2561305376.jpg,,我不是药神,导演: 文牧野 Muye Wen   主演: 徐峥 Zheng Xu / 王传君 Chuanjun Wang / 周...,2018 / 中国大陆 / 剧情 喜剧,9.0,1205900人评价
102,https://img3.doubanio.com/view/photo/s_ratio_poster/public/p2221768894.jpg,年度最佳date movie。,消失的爱人, / Gone Girl,导演: 大卫·芬奇 David Fincher   主演: 本·阿弗莱克 Ben Affleck / 罗莎蒙...,2014 / 美国 / 剧情 犯罪 悬疑 惊悚,8.7,533027人评价
103,https://img3.doubanio.com/view/photo/s_ratio_poster/public/p689520756.jpg,没有一人完全善，也没有一人完全恶。,告白,导演: 中岛哲也 Tetsuya Nakashima   主演: 松隆子 Takako Matsu / 冈田将生 ...,2010 / 日本 / 剧情 惊悚,8.7,472925人评价
104,https://img3.doubanio.com/view/photo/s_ratio_poster/public/p2564498893.jpg,那些静得只能听见呼吸的日子里，你明白孤独即生活。,小森林 夏秋篇, / リトル・フォレスト 夏・秋,导演: 森淳一 Junichi Mori   主演: 桥本爱 Ai Hashimoto / 三浦贵大 Takahir...,2014 / 日本 / 剧情,9.0,231030人评价
105,https://img3.doubanio.com/view/photo/s_ratio_poster/public/p692813374.jpg,抱着梦想而活着的人是幸福的，怀抱梦想而死去的人是不朽的。,大鱼, / Big Fish,导演: 蒂姆·波顿 Tim Burton   主演: 伊万·麦克格雷格 Ewan McGregor / 阿...,2003 / 美国 / 剧情 家庭 奇幻 冒险,8.8,352726人评价
106,https://img1.doubanio.com/view/photo/s_ratio_poster/public/p2119675128.jpg,我们都曾经是一一。,一一,导演: 杨德昌 Edward Yang   主演: 吴念真 / 李凯莉 Kelly Lee / 金燕玲 Elai...,2000 / 中国台湾 日本 / 剧情 爱情 家庭,9.0,212577人评价
107,https://img3.doubanio.com/view/photo/s_ratio_poster/public/p2505525050.jpg,沉醉在电影的情感和视听氛围中无法自拔。,请以你的名字呼唤我, / Call Me by Your Name,导演: 卢卡·瓜达尼诺 Luca Guadagnino   主演: 艾米·汉莫 Armie Hammer / ...,2017 / 意大利 法国 巴西 美国 荷兰 德国 / 剧情 爱情 同性,8.8,335635人评价
108,https://img1.doubanio.com/view/photo/s_ratio_poster/public/p1374786017.jpg,再多各自牛逼的时光，也比不上一起傻逼的岁月。 ,阳光姐妹淘, / 써니,导演: 姜炯哲 Hyeong-Cheol Kang   主演: 沈恩京 Eun-kyung Shim / 闵孝琳 Hy...,2011 / 韩国 / 剧情 喜剧,8.8,383534人评价
109,https://img3.doubanio.com/view/photo/s_ratio_poster/public/p2555762374.jpg,缘分是个连绵词，最美不过一瞬。,爱在黎明破晓前, / Before Sunrise,导演: 理查德·林克莱特 Richard Linklater   主演: 伊桑·霍克 Ethan Hawke ...,1995 / 美国 奥地利 瑞士 / 剧情 爱情,8.8,332333人评价
110,https://img1.doubanio.com/view/photo/s_ratio_poster/public/p2535922598.jpg,百看不厌。 ,射雕英雄传之东成西就, / 射鵰英雄傳之東成西就,导演: 刘镇伟 Jeffrey Lau   主演: 梁朝伟 Tony Leung Chiu Wai / 林青霞 Bri...,1993 / 中国香港 / 喜剧 奇幻 武侠 古装,8.7,390009人评价
111,https://img3.doubanio.com/view/photo/s_ratio_poster/public/p456692072.jpg,少女情怀总是诗。,侧耳倾听, / 耳をすませば,导演: 近藤喜文 Yoshifumi Kondo   主演: 本名阳子 Youko Honna / 小林桂树 K...,1995 / 日本 / 剧情 爱情 动画,8.9,261278人评价
112,https://img3.doubanio.com/view/photo/s_ratio_poster/public/p2223011274.jpg,相逢只要一瞬间，等待却像是一辈子。,甜蜜蜜,导演: 陈可辛 Peter Chan   主演: 黎明 Leon Lai / 张曼玉 Maggie Cheung / ...,1996 / 中国香港 / 剧情 爱情,8.8,311040人评价
113,https://img3.doubanio.com/view/photo/s_ratio_poster/public/p672363704.jpg,梦的勾结。,红辣椒, / パプリカ,导演: 今敏 Satoshi Kon   主演: 林原惠美 Megumi Hayashibara / 江守彻 Toru...,2006 / 日本 / 动画 悬疑 科幻 惊悚,9.0,215494人评价
114,https://img3.doubanio.com/view/photo/s_ratio_poster/public/p2554525534.jpg,如果生活中有什么使你感到快乐，那就去做吧！不要管别人说什么。,海蒂和爷爷, / Heidi,导演: 阿兰·葛斯彭纳 Alain Gsponer   主演: 阿努克·斯特芬 Anuk Steffen /...,2015 / 德国 瑞士 南非 / 剧情 冒险 家庭,9.1,150579人评价
115,https://img3.doubanio.com/view/photo/s_ratio_poster/public/p2210954024.jpg,和谐的生活离不开摸头与被摸头。,驯龙高手, / How to Train Your Dragon,导演: 迪恩·德布洛斯 Dean DeBlois / 克里斯·桑德斯 Chris Sanders   主演:...,2010 / 美国 / 动画 奇幻 冒险,8.7,445773人评价
116,https://img1.doubanio.com/view/photo/s_ratio_poster/public/p480225538.jpg,关于连环杀人悬案的集体回忆。,杀人回忆, / 살인의 추억,导演: 奉俊昊 Joon-ho Bong   主演: 宋康昊 Kang-ho Song / 金相庆 Sang-kyun...,2003 / 韩国 / 犯罪 剧情 悬疑 惊悚,8.8,326680人评价
117,https://img3.doubanio.com/view/photo/s_ratio_poster/public/p2414157745.jpg,两张绝世的脸。 ,倩女幽魂,导演: 程小东 Siu-Tung Ching   主演: 张国荣 Leslie Cheung / 王祖贤 Joey W...,1987 / 中国香港 / 爱情 奇幻 武侠 古装,8.7,407059人评价
118,https://img3.doubanio.com/view/photo/s_ratio_poster/public/p1305562621.jpg,穷尽一生，我们要学会的，不过是彼此拥抱。,超脱, / Detachment,导演: 托尼·凯耶 Tony Kaye   主演: 艾德里安·布洛迪 Adrien Brody / 马西...,2011 / 美国 / 剧情,8.8,260977人评价
119,https://img3.doubanio.com/view/photo/s_ratio_poster/public/p1816276065.jpg,《我是山姆》的《美丽人生》。,7号房的礼物, / 7번방의 선물,导演: 李焕庆 Hwan-kyeong Lee   主演: 柳承龙 Seung-yong Ryoo / 朴信惠 Shi...,2013 / 韩国 / 剧情 喜剧 家庭,8.8,283254人评价
120,https://img3.doubanio.com/view/photo/s_ratio_poster/public/p2016930906.jpg,恐怖分子的“秋菊打官司”。,恐怖直播, / 더 테러 라이브,导演: 金秉祐 Byeong-woo Kim   主演: 河正宇 Jung-woo Ha / 李璟荣 Kyeong-y...,2013 / 韩国 / 剧情 犯罪 悬疑,8.8,355746人评价
121,https://img3.doubanio.com/view/photo/s_ratio_poster/public/p751835224.jpg,从没见过那么流氓的温柔，从没见过那么温柔的流氓。,菊次郎的夏天, / 菊次郎の夏,导演: 北野武 Takeshi Kitano   主演: 北野武 Takeshi Kitano / 关口雄介 Yus...,1999 / 日本 / 剧情 喜剧,8.8,290188人评价
122,https://img3.doubanio.com/view/photo/s_ratio_poster/public/p917846733.jpg,10年的完美句点。,哈利·波特与死亡圣器(下), / Harry Potter and the Deathly Hallows: Part 2,导演: 大卫·叶茨 David Yates   主演: 丹尼尔·雷德克里夫 Daniel Radcliffe...,2011 / 美国 英国 / 剧情 悬疑 奇幻 冒险,8.7,415479人评价
123,https://img1.doubanio.com/view/photo/s_ratio_poster/public/p2215147728.jpg,尊敬他人，尊敬你生活的这片土地，明白孤独是人生的常态。,小森林 冬春篇, / リトル・フォレスト 冬・春,导演: 森淳一 Junichi Mori   主演: 桥本爱 Ai Hashimoto / 三浦贵大 Takahir...,2015 / 日本 / 剧情,9.0,200383人评价
124,https://img3.doubanio.com/view/photo/s_ratio_poster/public/p2191788134.jpg,九年后的重逢是世俗和责任的交叠，没了悸动和青涩，沧桑而温暖。,爱在日落黄昏时, / Before Sunset,导演: 理查德·林克莱特 Richard Linklater   主演: 伊桑·霍克 Ethan Hawke ...,2004 / 美国 / 剧情 爱情,8.8,289932人评价
125,https://img3.doubanio.com/view/photo/s_ratio_poster/public/p1917567652.jpg,动画片的圣经。,风之谷, / 風の谷のナウシカ,导演: 宫崎骏 Hayao Miyazaki   主演: 岛本须美 Sumi Shimamoto / 松田洋治 Y...,1984 / 日本 / 动画 奇幻 冒险,8.8,248527人评价
126,https://img1.doubanio.com/view/photo/s_ratio_poster/public/p854757687.jpg,有时候幸福需要等一等。 ,幸福终点站, / The Terminal,导演: 史蒂文·斯皮尔伯格 Steven Spielberg   主演: 汤姆·汉克斯 Tom Hanks...,2004 / 美国 / 喜剧 剧情 爱情,8.7,314642人评价
127,https://img3.doubanio.com/view/photo/s_ratio_poster/public/p1706428744.jpg,诺兰就是保证。,蝙蝠侠：黑暗骑士崛起, / The Dark Knight Rises,导演: 克里斯托弗·诺兰 Christopher Nolan   主演: 克里斯蒂安·贝尔 Christ...,2012 / 美国 英国 / 剧情 动作 科幻 犯罪 惊悚,8.7,422060人评价
128,https://img1.doubanio.com/view/photo/s_ratio_poster/public/p1272904657.jpg,触不到的恋人。,萤火之森, / 蛍火の杜へ,导演: 大森贵弘 Takahiro Omori   主演: 佐仓绫音 Ayane Sakura / 内山昂辉 K...,2011 / 日本 / 剧情 爱情 动画 奇幻,8.8,267996人评价
129,https://img3.doubanio.com/view/photo/s_ratio_poster/public/p455677490.jpg,被上帝抛弃了的上帝之城。,上帝之城, / Cidade de Deus,导演: 费尔南多·梅里尔斯 Fernando Meirelles / 卡迪亚·兰德 Kátia Lund  &nbsp...,2002 / 巴西 法国 / 犯罪 剧情,8.9,202448人评价
130,https://img3.doubanio.com/view/photo/s_ratio_poster/public/p1946455272.jpg,华太师是黄霑，吴镇宇四大才子之一。,唐伯虎点秋香, / 唐伯虎點秋香,导演: 李力持 Lik-Chi Lee   主演: 周星驰 Stephen Chow / 巩俐 Li Gong / 陈...,1993 / 中国香港 / 喜剧 爱情 古装,8.6,558065人评价
131,https://img3.doubanio.com/view/photo/s_ratio_poster/public/p617533616.jpg,曾经的那段美好会沉淀为一辈子的记忆。,借东西的小人阿莉埃蒂, / 借りぐらしのアリエッティ,导演: 米林宏昌 Hiromasa Yonebayashi   主演: 志田未来 Mirai Shida / 神木...,2010 / 日本 / 动画 奇幻 冒险,8.8,313525人评价
132,https://img1.doubanio.com/view/photo/s_ratio_poster/public/p2224568669.jpg,Balalala~~~,超能陆战队, / Big Hero 6,导演: 唐·霍尔 Don Hall / 克里斯·威廉姆斯 Chris Williams   主演: 斯科特...,2014 / 美国 / 喜剧 动作 科幻 动画 冒险,8.6,576535人评价
133,https://img1.doubanio.com/view/photo/s_ratio_poster/public/p792776858.jpg,Mr. I Don't Care其实也有Care的时候。,神偷奶爸, / Despicable Me,导演: 皮艾尔·柯芬 Pierre Coffin / 克里斯·雷纳德 Chris Renaud   主演: ...,2010 / 美国 法国 / 喜剧 动画 冒险,8.6,583013人评价
134,https://img3.doubanio.com/view/photo/s_ratio_poster/public/p661160053.jpg,我的平常生活就是他人的幸福。,无人知晓, / 誰も知らない,导演: 是枝裕和 Hirokazu Koreeda   主演: 柳乐优弥 Yûya Yagira / 北浦爱...,2004 / 日本 / 剧情,9.1,137374人评价
135,https://img1.doubanio.com/view/photo/s_ratio_poster/public/p2513247938.jpg,不要给它起名字，起了名字就有感情了。,怪兽电力公司, / Monsters, Inc.,导演: 彼特·道格特 Pete Docter / 大卫·斯沃曼 David Silverman   主演: 约...,2001 / 美国 / 儿童 喜剧 动画 奇幻 冒险,8.7,369876人评价
136,https://img3.doubanio.com/view/photo/s_ratio_poster/public/p2565332644.jpg,真相就在眼前。,电锯惊魂, / Saw,导演: 詹姆斯·温 James Wan   主演: 雷·沃纳尔 Leigh Whannell / 加利·艾...,2004 / 美国 / 悬疑 惊悚 恐怖,8.7,292982人评价
137,https://img1.doubanio.com/view/photo/s_ratio_poster/public/p1283675359.jpg,跨度十五年的欢乐与泪水。,玩具总动员3, / Toy Story 3,导演: 李·昂克里奇 Lee Unkrich   主演: 汤姆·汉克斯 Tom Hanks / 蒂姆·艾...,2010 / 美国 / 喜剧 动画 奇幻 冒险,8.8,283969人评价
138,https://img3.doubanio.com/view/photo/s_ratio_poster/public/p456666151.jpg,岁月流逝，来日可追。,岁月神偷, / 歲月神偷,导演: 罗启锐 Alex Law   主演: 吴君如 Sandra Ng / 任达华 Simon Yam / 钟绍...,2010 / 中国香港 中国大陆 / 剧情 家庭,8.7,398497人评价
139,https://img1.doubanio.com/view/photo/s_ratio_poster/public/p2398141939.jpg,优秀的战争片不会美化战场，不会粉饰死亡，不会矮化敌人，不会无视常识，最重要的，不会宣扬战争。,血战钢锯岭, / Hacksaw Ridge,导演: 梅尔·吉布森 Mel Gibson   主演: 安德鲁·加菲尔德 Andrew Garfield /...,2016 / 美国 澳大利亚 / 剧情 传记 历史 战争,8.7,480414人评价
140,https://img1.doubanio.com/view/photo/s_ratio_poster/public/p792223507.jpg,像吃了苏打饼一样干脆的电影。,谍影重重3, / The Bourne Ultimatum,导演: 保罗·格林格拉斯 Paul Greengrass   主演: 马特·达蒙 Matt Damon / ...,2007 / 美国 德国 / 动作 悬疑 惊悚,8.8,258594人评价
141,https://img1.doubanio.com/view/photo/s_ratio_poster/public/p1867084027.jpg,老少皆宜，这就是好莱坞动画的魅力。,疯狂原始人, / The Croods,导演: 科克·德·米科 Kirk De Micco / 克里斯·桑德斯 Chris Sanders   主演...,2013 / 美国 / 喜剧 动画 冒险,8.7,526725人评价
142,https://img1.doubanio.com/view/photo/s_ratio_poster/public/p2504997087.jpg,英雄泪短，兄弟情长。 ,英雄本色,导演: 吴宇森 John Woo   主演: 周润发 Yun-Fat Chow / 狄龙 Lung Ti / 张国...,1986 / 中国香港 / 剧情 动作 犯罪,8.7,282712人评价
143,https://img3.doubanio.com/view/photo/s_ratio_poster/public/p2173713676.jpg,中国家庭的喜怒哀乐忍。,喜宴, / 囍宴,导演: 李安 Ang Lee   主演: 赵文瑄 Winston Chao / 郎雄 Sihung Lung / 归亚...,1993 / 中国台湾 美国 / 剧情 喜剧 爱情 同性 家庭,8.9,197938人评价
144,https://img3.doubanio.com/view/photo/s_ratio_poster/public/p647099823.jpg,时代悲歌。,七武士, / 七人の侍,导演: 黑泽明 Akira Kurosawa   主演: 三船敏郎 Toshirô Mifune / 志村乔 ...,1954 / 日本 / 动作 冒险 剧情,9.2,110333人评价
145,https://img1.doubanio.com/view/photo/s_ratio_poster/public/p1157334208.jpg,幸福是生生不息，却难以触及的远。 ,萤火虫之墓, / 火垂るの墓,导演: 高畑勋 Isao Takahata   主演: 辰己努 / 白石绫乃 / 志乃原良子,1988 / 日本 / 动画 剧情 战争,8.7,275751人评价
146,https://img3.doubanio.com/view/photo/s_ratio_poster/public/p1982176012.jpg,电影诗。,东邪西毒, / 東邪西毒,导演: 王家卫 Kar Wai Wong   主演: 张国荣 Leslie Cheung / 林青霞 Brigitte...,1994 / 中国香港 中国台湾 / 剧情 动作 爱情 武侠 古装,8.6,367865人评价
147,https://img3.doubanio.com/view/photo/s_ratio_poster/public/p452005185.jpg,爱是摈弃傲慢与偏见之后的曙光。,傲慢与偏见, / Pride & Prejudice,导演: 乔·怀特 Joe Wright   主演: 凯拉·奈特莉 Keira Knightley / 马修·...,2005 / 法国 英国 美国 / 剧情 爱情,8.6,436964人评价
148,https://img3.doubanio.com/view/photo/s_ratio_poster/public/p475600770.jpg,爱，是个动词。,真爱至上, / Love Actually,导演: 理查德·柯蒂斯 Richard Curtis   主演: 休·格兰特 Hugh Grant / 柯林...,2003 / 英国 美国 法国 / 喜剧 剧情 爱情,8.6,435004人评价
149,https://img3.doubanio.com/view/photo/s_ratio_poster/public/p2070153774.jpg,把每天当作最后一天般珍惜度过，积极拥抱生活，就是幸福。,时空恋旅人, / About Time,导演: 理查德·柯蒂斯 Richard Curtis   主演: 多姆纳尔·格里森 Domhnall Gl...,2013 / 英国 / 喜剧 爱情 奇幻,8.7,308330人评价
150,https://img3.doubanio.com/view/photo/s_ratio_poster/public/p2434249040.jpg,上帝之城+猜火车+阿甘正传+开心辞典=山寨富翁,贫民窟的百万富翁, / Slumdog Millionaire,导演: 丹尼·鲍尔 Danny Boyle / 洛芙琳·坦丹 Loveleen Tandan   主演: 戴夫...,2008 / 英国 美国 / 剧情 爱情,8.6,502697人评价
151,https://img3.doubanio.com/view/photo/s_ratio_poster/public/p2549648344.jpg,黑暗之美。,黑天鹅, / Black Swan,导演: 达伦·阿罗诺夫斯基 Darren Aronofsky   主演: 娜塔莉·波特曼 Natalie...,2010 / 美国 / 剧情 惊悚,8.5,555434人评价
152,https://img3.doubanio.com/view/photo/s_ratio_poster/public/p641688453.jpg,一个针管引发的血案。,记忆碎片, / Memento,导演: 克里斯托弗·诺兰 Christopher Nolan   主演: 盖·皮尔斯 Guy Pearce /...,2000 / 美国 / 犯罪 剧情 悬疑 惊悚,8.6,377644人评价
153,https://img3.doubanio.com/view/photo/s_ratio_poster/public/p2276780256.jpg,荒诞讽刺，千奇百巧，抽丝剥茧，百转千回。,心迷宫,导演: 忻钰坤 Yukun Xin   主演: 霍卫民 Weimin Huo / 王笑天 Xiaotian Wang ...,2014 / 中国大陆 / 剧情 犯罪 悬疑,8.7,278940人评价
154,https://img3.doubanio.com/view/photo/s_ratio_poster/public/p2272146906.jpg,香港浪漫主义警匪动作片的巅峰之作。,纵横四海, / 緃横四海,导演: 吴宇森 John Woo   主演: 周润发 Yun-Fat Chow / 张国荣 Leslie Cheung...,1991 / 中国香港 / 剧情 喜剧 动作 犯罪,8.8,230965人评价
155,https://img3.doubanio.com/view/photo/s_ratio_poster/public/p2169664351.jpg,任何信念的力量，都无法改变命运。,教父3, / The Godfather: Part III,导演: 弗朗西斯·福特·科波拉 Francis Ford Coppola   主演: 阿尔·帕西诺 A...,1990 / 美国 / 剧情 犯罪,8.8,195131人评价
156,https://img3.doubanio.com/view/photo/s_ratio_poster/public/p2192834364.jpg,始于荒诞，止于更荒诞。,荒蛮故事, / Relatos salvajes,导演: 达米安·斯兹弗隆 Damián Szifron   主演: 达里奥·葛兰帝内提 Darío...,2014 / 阿根廷 西班牙 / 剧情 喜剧 犯罪,8.8,227943人评价
157,https://img1.doubanio.com/view/photo/s_ratio_poster/public/p2190556408.jpg,坏人的好总是比好人的好来得更感人。,完美的世界, / A Perfect World,导演: 克林特·伊斯特伍德 Clint Eastwood   主演: 凯文·科斯特纳 Kevin Cos...,1993 / 美国 / 剧情 犯罪,9.1,125957人评价
158,https://img1.doubanio.com/view/photo/s_ratio_poster/public/p2166160837.jpg,Jared Leto的腿比女人还美！,达拉斯买家俱乐部, / Dallas Buyers Club,导演: 让-马克·瓦雷 Jean-Marc Vallée   主演: 马修·麦康纳 Matthew McCon...,2013 / 美国 / 剧情 传记 同性,8.7,268569人评价
159,https://img1.doubanio.com/view/photo/s_ratio_poster/public/p2510081688.jpg,怼天怼地，你走后，她与世界为敌。,三块广告牌, / Three Billboards Outside Ebbing, Missouri,导演: 马丁·麦克唐纳 Martin McDonagh   主演: 弗兰西斯·麦克多蒙德 France...,2017 / 美国 英国 / 剧情 犯罪,8.7,501890人评价
160,https://img3.doubanio.com/view/photo/s_ratio_poster/public/p942376281.jpg,生活在自己的世界里，也可以让周围的人显得可笑和渺小。,雨人, / Rain Man,导演: 巴瑞·莱文森 Barry Levinson   主演: 达斯汀·霍夫曼 Dustin Hoffman ...,1988 / 美国 / 剧情,8.7,270316人评价
161,https://img1.doubanio.com/view/photo/s_ratio_poster/public/p1959232369.jpg,热血沸腾，那个低俗、性感的无耻混蛋又来了。,被解救的姜戈, / Django Unchained,导演: 昆汀·塔伦蒂诺 Quentin Tarantino   主演: 杰米·福克斯 Jamie Foxx /...,2012 / 美国 / 剧情 动作 西部 冒险,8.7,363345人评价
162,https://img3.doubanio.com/view/photo/s_ratio_poster/public/p1910828286.jpg,偷情本没有这样美。,花样年华, / 花樣年華,导演: 王家卫 Kar Wai Wong   主演: 梁朝伟 Tony Leung Chiu Wai / 张曼玉 Ma...,2000 / 中国香港 / 剧情 爱情,8.6,341736人评价
163,https://img3.doubanio.com/view/photo/s_ratio_poster/public/p2159368352.jpg,当这个世界闭上双眼，他却敞开了怀抱。,卢旺达饭店, / Hotel Rwanda,导演: 特瑞·乔治 Terry George   主演: 唐·钱德尔 Don Cheadle / 苏菲·奥...,2004 / 英国 南非 意大利 美国 / 剧情 历史 战争,8.9,163496人评价
164,https://img1.doubanio.com/view/photo/s_ratio_poster/public/p2395733377.jpg,穿越错位的时空，仰望陨落的星辰，你没留下你的名字，我却无法忘记那句“我爱你”。,你的名字。, / 君の名は。,导演: 新海诚 Makoto Shinkai   主演: 神木隆之介 Ryûnosuke Kamiki / 上...,2016 / 日本 / 剧情 爱情 动画,8.4,774123人评价
165,https://img3.doubanio.com/view/photo/s_ratio_poster/public/p652417775.jpg,爱并不需要智商 。,我是山姆, / I Am Sam,导演: 杰茜·尼尔森 Jessie Nelson   主演: Sean Penn / Dakota Fanning / Mi...,2001 / 美国 / 剧情 家庭,8.9,160721人评价
166,https://img3.doubanio.com/view/photo/s_ratio_poster/public/p2516566783.jpg,想你时你在闹海。,哪吒闹海,导演: 严定宪 Dingxian Yan / 王树忱 Shuchen Wang   主演: 梁正晖 Zhenghui ...,1979 / 中国大陆 / 冒险 动画 奇幻,9.0,133450人评价
167,https://img3.doubanio.com/view/photo/s_ratio_poster/public/p2266293606.jpg,愿我们都不用长大，每一座城堡都能永远存在。,头脑特工队, / Inside Out,导演: 彼特·道格特 Pete Docter / 罗纳尔多·德尔·卡门 Ronaldo Del Carmen  &nb...,2015 / 美国 / 喜剧 动画 冒险,8.7,345539人评价
168,https://img1.doubanio.com/view/photo/s_ratio_poster/public/p2496940327.jpg,我们都有权利不与自己的过去和解。,海边的曼彻斯特, / Manchester by the Sea,导演: 肯尼斯·罗纳根 Kenneth Lonergan   主演: 卡西·阿弗莱克 Casey Affle...,2016 / 美国 / 剧情 家庭,8.6,299134人评价
169,https://img1.doubanio.com/view/photo/s_ratio_poster/public/p2554167519.jpg,感情不分食草或者食肉。,你看起来好像很好吃, / おまえうまそうだな,导演: 藤森雅也 Masaya Fujimori   主演: 山口胜平 Kappei Yamaguchi / 爱河...,2010 / 日本 / 剧情 动画 儿童,8.8,205026人评价
170,https://img3.doubanio.com/view/photo/s_ratio_poster/public/p483604864.jpg,爱情没有那么多借口，如果不能圆满，只能说明爱的不够。 ,恋恋笔记本, / The Notebook,导演: 尼克·卡索维茨 Nick Cassavetes   主演: 瑞恩·高斯林 Ryan Gosling /...,2004 / 美国 / 剧情 爱情,8.5,390802人评价
171,https://img3.doubanio.com/view/photo/s_ratio_poster/public/p1735642656.jpg,迪士尼和皮克斯拿错剧本的产物。,无敌破坏王, / Wreck-It Ralph,导演: 瑞奇·莫尔 Rich Moore   主演: 约翰·C·赖利 John C. Reilly / 萨拉...,2012 / 美国 / 喜剧 动画 奇幻 冒险,8.7,311864人评价
172,https://img1.doubanio.com/view/photo/s_ratio_poster/public/p1910895719.jpg,松鼠才是角儿。,冰川时代, / Ice Age,导演: 卡洛斯·沙尔丹哈 Carlos Saldanha / 克里斯·韦奇 Chris Wedge   主演...,2002 / 美国 / 喜剧 动画 冒险,8.5,384893人评价
173,https://img1.doubanio.com/view/photo/s_ratio_poster/public/p2457609817.jpg,有一些东西不应该被遗忘。,二十二,导演: 郭柯 Ke Guo   主演:,2015 / 中国大陆 / 纪录片,8.7,172566人评价
174,https://img3.doubanio.com/view/photo/s_ratio_poster/public/p2399597512.jpg,永远看不腻的喜剧。,虎口脱险, / La grande vadrouille,导演: 杰拉尔·乌里 Gérard Oury   主演: 路易·德·菲耐斯 Louis de Funès...,1966 / 法国 英国 / 喜剧 战争,8.9,142763人评价
175,https://img3.doubanio.com/view/photo/s_ratio_poster/public/p1351050722.jpg,好的剧本是，就算你猜到了结局也猜不到全部。,未麻的部屋, / Perfect Blue,导演: 今敏 Satoshi Kon   主演: 岩男润子 Junko Iwao / 松本梨香 Rica Matsu...,1997 / 日本 / 动画 奇幻 惊悚,8.9,150655人评价
176,https://img3.doubanio.com/view/photo/s_ratio_poster/public/p2559581324.jpg,大海啊，不全是水。,海洋, / Océans,导演: 雅克·贝汉 Jacques Perrin / 雅克·克鲁奥德 Jacques Cluzaud   主演:...,2009 / 法国 瑞士 西班牙 美国 阿联酋 / 纪录片,9.1,117300人评价
177,https://img3.doubanio.com/view/photo/s_ratio_poster/public/p2255040492.jpg,他给机器起名“克里斯托弗”，因为这是他初恋的名字。,模仿游戏, / The Imitation Game,导演: 莫滕·泰杜姆 Morten Tyldum   主演: 本尼迪克特·康伯巴奇 Benedict C...,2014 / 英国 美国 / 剧情 传记 战争 同性,8.6,360280人评价
178,https://img3.doubanio.com/view/photo/s_ratio_poster/public/p2220776342.jpg,这个世界从不善待努力的人，努力了也不一定会成功，但是知道自己在努力，就是活下去的动力。,爆裂鼓手, / Whiplash,导演: 达米恩·查泽雷 Damien Chazelle   主演: 迈尔斯·特勒 Miles Teller /...,2014 / 美国 / 剧情 音乐,8.7,328595人评价
179,https://img3.doubanio.com/view/photo/s_ratio_poster/public/p1612355875.jpg,骨灰级歌舞片。,雨中曲, / Singin' in the Rain,导演: 斯坦利·多南 Stanley Donen / 吉恩·凯利 Gene Kelly   主演: 吉恩·...,1952 / 美国 / 喜剧 歌舞 爱情,9.0,126548人评价
180,https://img3.doubanio.com/view/photo/s_ratio_poster/public/p2406624993.jpg,惠及一生的美丽。,一个叫欧维的男人决定去死, / En man som heter Ove,导演: 汉内斯·赫尔姆 Hannes Holm   主演: 罗夫·拉斯加德 Rolf Lassgård...,2015 / 瑞典 / 剧情,8.8,199638人评价
181,https://img3.doubanio.com/view/photo/s_ratio_poster/public/p1576418852.jpg,养狗三日，便会对你终其一生。,忠犬八公物语, / ハチ公物語,导演: Seijirô Kôyama   主演: 山本圭 Kei Yamamoto / 井川比佐志 Hisa...,1987 / 日本 / 剧情,9.1,99049人评价
182,https://img1.doubanio.com/view/photo/s_ratio_poster/public/p1023654037.jpg,传奇，不是每个人都可以拥有。,燃情岁月, / Legends of the Fall,导演: 爱德华·兹威克 Edward Zwick   主演: 布拉德·皮特 Brad Pitt / 安东...,1994 / 美国 / 剧情 爱情 战争 西部,8.8,186964人评价
183,https://img1.doubanio.com/view/photo/s_ratio_poster/public/p792257137.jpg,对爱的执着，可以超越一切。,人工智能, / Artificial Intelligence: AI,导演: 史蒂文·斯皮尔伯格 Steven Spielberg   主演: 海利·乔·奥斯蒙 Haley...,2001 / 美国 / 冒险 剧情 科幻,8.6,262083人评价
184,https://img1.doubanio.com/view/photo/s_ratio_poster/public/p2515539487.jpg,传奇的年代，醉人的童话。,天书奇谭,导演: 王树忱 Shuchen Wang / 钱运达 Yunda Qian   主演: 丁建华 Jianhua Din...,1983(中国大陆) / 2019(中国大陆重映) / 中国大陆 / 动画 奇幻,9.2,95108人评价
185,https://img3.doubanio.com/view/photo/s_ratio_poster/public/p456676352.jpg,宫崎骏的电影总让人感觉世界是美好的，阳光明媚的。,魔女宅急便, / 魔女の宅急便,导演: 宫崎骏 Hayao Miyazaki   主演: 高山南 Minami Takayama / 佐久间玲 Re...,1989 / 日本 / 动画 奇幻 冒险,8.6,284919人评价
186,https://img3.doubanio.com/view/photo/s_ratio_poster/public/p2259715855.jpg,被偷走的岁月，被伤害的生命，被禁锢的灵魂，终将被希望和善意救赎。,房间, / Room,导演: 伦尼·阿伯拉罕森 Lenny Abrahamson   主演: 布丽·拉尔森 Brie Larson...,2015 / 爱尔兰 加拿大 英国 美国 / 剧情 家庭,8.8,233040人评价
187,https://img3.doubanio.com/view/photo/s_ratio_poster/public/p2079334286.jpg,爱上未来的你。 ,穿越时空的少女, / 時をかける少女,导演: 细田守 Mamoru Hosoda   主演: 仲里依纱 Riisa Naka / 石田卓也 Takuya...,2006 / 日本 / 剧情 爱情 科幻 动画,8.6,253585人评价
188,https://img1.doubanio.com/view/photo/s_ratio_poster/public/p2220873438.jpg,不得不说，《黑客帝国》系列是商业片与科幻、哲学完美结合的典范。,黑客帝国3：矩阵革命, / The Matrix Revolutions,导演: Andy Wachowski / Larry Wachowski   主演: 基努·里维斯 Keanu Reeves...,2003 / 美国 澳大利亚 / 动作 科幻,8.7,230335人评价
189,https://img3.doubanio.com/view/photo/s_ratio_poster/public/p462470694.jpg,不要企图在重复中寻找已经失去的爱。,恐怖游轮, / Triangle,导演: 克里斯托弗·史密斯 Christopher Smith   主演: 梅利莎·乔治 Melissa ...,2009 / 英国 澳大利亚 / 剧情 悬疑 惊悚,8.4,465876人评价
190,https://img1.doubanio.com/view/photo/s_ratio_poster/public/p2232247487.jpg,是枝裕和的家庭习作。,海街日记, / 海街diary,导演: 是枝裕和 Hirokazu Koreeda   主演: 绫濑遥 Haruka Ayase / 长泽雅美 M...,2015 / 日本 / 剧情 家庭,8.7,218706人评价
191,https://img1.doubanio.com/view/photo/s_ratio_poster/public/p2351134499.jpg,中国式内在的美国电影。,魂断蓝桥, / Waterloo Bridge,导演: 茂文·勒鲁瓦 Mervyn LeRoy   主演: 费雯·丽 Vivien Leigh / 罗伯特·...,1940 / 美国 / 剧情 爱情 战争,8.8,166701人评价
192,https://img1.doubanio.com/view/photo/s_ratio_poster/public/p2516578307.jpg,写给影迷，动漫迷和游戏迷的一封情书。,头号玩家, / Ready Player One,导演: 史蒂文·斯皮尔伯格 Steven Spielberg   主演: 泰伊·谢里丹 Tye Sheri...,2018 / 美国 / 动作 科幻 冒险,8.7,839594人评价
193,https://img1.doubanio.com/view/photo/s_ratio_poster/public/p513567548.jpg,不可猜的青春迷笛。 ,猜火车, / Trainspotting,导演: 丹尼·博伊尔 Danny Boyle   主演: 伊万·麦克格雷格 Ewan McGregor / ...,1996 / 英国 / 剧情 犯罪,8.5,308834人评价
194,https://img3.doubanio.com/view/photo/s_ratio_poster/public/p2522331945.jpg,来啊，互相伤害啊！,完美陌生人, / Perfetti sconosciuti,导演: 保罗·格诺维瑟 Paolo Genovese   主演: 马可·贾利尼 Marco Giallini ...,2016 / 意大利 / 剧情 喜剧,8.5,338318人评价
195,https://img1.doubanio.com/view/photo/s_ratio_poster/public/p2564689879.jpg,人生的N种可能性。,罗生门, / 羅生門,导演: 黑泽明 Akira Kurosawa   主演: 三船敏郎 Toshirô Mifune / 千秋实 ...,1950 / 日本 / 犯罪 剧情 悬疑,8.8,177863人评价
196,https://img3.doubanio.com/view/photo/s_ratio_poster/public/p1021883305.jpg,故事的反转与反转，分裂电影的始祖。,惊魂记, / Psycho,导演: Alfred Hitchcock   主演: Janet Leigh / Anthony Perkins / Vera Miles,1960 / 美国 / 悬疑 惊悚 恐怖,8.9,128988人评价
197,https://img1.doubanio.com/view/photo/s_ratio_poster/public/p2219011938.jpg,警恶惩奸，维护世界和平这个任务就交给你了，好吗？,功夫,导演: 周星驰 Stephen Chow   主演: 周星驰 Stephen Chow / 元秋 Qiu Yuen / ...,2004 / 中国大陆 中国香港 / 动作 喜剧 犯罪 奇幻,8.4,479056人评价
198,https://img3.doubanio.com/view/photo/s_ratio_poster/public/p2525770523.jpg,王家卫是一种风格，张国荣是一个代表。,阿飞正传, / 阿飛正傳,导演: 王家卫 Kar Wai Wong   主演: 张国荣 Leslie Cheung / 张曼玉 Maggie C...,1990 / 中国香港 / 犯罪 剧情 爱情,8.5,300005人评价
199,https://img1.doubanio.com/view/photo/s_ratio_poster/public/p470006658.jpg,一个单凭体香达到高潮的男人。,香水, / Perfume: The Story of a Murderer,导演: 汤姆·提克威 Tom Tykwer   主演: 本·卫肖 Ben Whishaw / 艾伦·瑞克...,2006 / 德国 法国 西班牙 美国 / 剧情 犯罪 奇幻,8.5,366410人评价
200,https://img3.doubanio.com/view/photo/s_ratio_poster/public/p2414771522.jpg,坚硬的信仰。,可可西里,导演: 陆川 Chuan Lu   主演: 多布杰 Duobujie / 张磊 Lei Zhang / 亓亮 Qi L...,2004 / 中国大陆 中国香港 / 剧情 犯罪,8.7,173165人评价
201,https://img3.doubanio.com/view/photo/s_ratio_poster/public/p667644866.jpg,谁说王家卫镜头很晃？,谍影重重2, / The Bourne Supremacy,导演: 保罗·格林格拉斯 Paul Greengrass   主演: 马特·达蒙 Matt Damon / ...,2004 / 美国 德国 / 动作 悬疑 惊悚,8.6,221704人评价
202,https://img3.doubanio.com/view/photo/s_ratio_poster/public/p848381236.jpg,弱者送给弱者的一刀。,牯岭街少年杀人事件, / 牯嶺街少年殺人事件,导演: 杨德昌 Edward Yang   主演: 张震 Chen Chang / 杨静怡 Lisa Yang / 张...,1991 / 中国台湾 / 剧情 犯罪,8.8,151709人评价
203,https://img1.doubanio.com/view/photo/s_ratio_poster/public/p1140984198.jpg,当爱情跨越年龄的界限，它似乎能变得更久远一点，成为一种责任，一种水到渠成的相濡以沫。 ,朗读者, / The Reader,导演: 史蒂芬·戴德利 Stephen Daldry   主演: 凯特·温丝莱特 Kate Winslet ...,2008 / 美国 德国 / 剧情 爱情,8.5,335857人评价
204,https://img3.doubanio.com/view/photo/s_ratio_poster/public/p1344888983.jpg,世界离独裁只有五天。,浪潮, / Die Welle,导演: 丹尼斯·甘塞尔 Dennis Gansel   主演: 尤尔根·沃格尔 Jürgen Vogel ...,2008 / 德国 / 剧情 惊悚,8.7,175224人评价
205,https://img3.doubanio.com/view/photo/s_ratio_poster/public/p1597183981.jpg,哗啦啦啦啦，天在下雨，哗啦啦啦啦，云在哭泣……找自己。,谍影重重, / The Bourne Identity,导演: 道格·里曼 Doug Liman   主演: 马特·达蒙 Matt Damon / 弗兰卡·波坦...,2002 / 美国 德国 捷克 / 动作 悬疑 惊悚,8.6,264216人评价
206,https://img3.doubanio.com/view/photo/s_ratio_poster/public/p712241453.jpg,中国版《两杆大烟枪》。,疯狂的石头,导演: 宁浩 Hao Ning   主演: 郭涛 Tao Guo / 刘桦 Hua Liu / 连晋 Teddy Lin,2006 / 中国大陆 中国香港 / 喜剧 犯罪,8.4,459309人评价
207,https://img3.doubanio.com/view/photo/s_ratio_poster/public/p792282381.jpg,做一颗让别人需要你的棋子。,战争之王, / Lord of War,导演: 安德鲁·尼科尔 Andrew Niccol   主演: 尼古拉斯·凯奇 Nicolas Cage /...,2005 / 美国 法国 / 剧情 犯罪,8.6,227607人评价
208,https://img3.doubanio.com/view/photo/s_ratio_poster/public/p1973489335.jpg,天使保护事件始末。,地球上的星星, / Taare Zameen Par,导演: 阿米尔·汗 Aamir Khan   主演: 达席尔·萨法瑞 Darsheel Safary / 阿...,2007 / 印度 / 剧情 儿童 家庭,8.9,122769人评价
209,https://img3.doubanio.com/view/photo/s_ratio_poster/public/p1505312273.jpg,黑小鸭速效美白记。,初恋这件小事, / สิ่งเล็กเล็กที่เรียกว่า...รัก,导演: 普特鹏·普罗萨卡·那·萨克那卡林 Puttipong Promsaka Na Sakolnakorn / 华森·波克彭...,2010 / 泰国 / 剧情 喜剧 爱情,8.3,643057人评价
210,https://img3.doubanio.com/view/photo/s_ratio_poster/public/p584021784.jpg,人生如此，浮生如斯。谁人言，花彼岸，此生情长意短。谁都是不懂爱的罢了。,青蛇,导演: 徐克 Hark Tsui   主演: 张曼玉 Maggie Cheung / 王祖贤 Joey Wang / ...,1993 / 中国香港 / 剧情 爱情 奇幻 古装,8.5,307906人评价
211,https://img3.doubanio.com/view/photo/s_ratio_poster/public/p1910909085.jpg,少见的超越首部的续集，动作片中的经典。,终结者2：审判日, / Terminator 2: Judgment Day,导演: 詹姆斯·卡梅隆 James Cameron   主演: 阿诺·施瓦辛格 Arnold Schwarz...,1991 / 美国 法国 / 动作 科幻,8.6,201705人评价
212,https://img1.doubanio.com/view/photo/s_ratio_poster/public/p2507709428.jpg,世界不完美，爱会有奇迹。,奇迹男孩, / Wonder,导演: 斯蒂芬·卓博斯基 Stephen Chbosky   主演: 雅各布·特伦布莱 Jacob Tr...,2017 / 美国 中国香港 / 剧情 儿童 家庭,8.6,0人评价
213,https://img1.doubanio.com/view/photo/s_ratio_poster/public/p2074715729.jpg,所谓爱情，就是话唠一路，都不会心生腻烦，彼此嫌弃。,爱在午夜降临前, / Before Midnight,导演: 理查德·林克莱特 Richard Linklater   主演: 伊桑·霍克 Ethan Hawke ...,2013 / 美国 希腊 / 剧情 爱情,8.8,170070人评价
214,https://img3.doubanio.com/view/photo/s_ratio_poster/public/p988260245.jpg,邓肯·琼斯继《月球》之后再度奉献出一部精彩绝伦的科幻佳作。,源代码, / Source Code,导演: 邓肯·琼斯 Duncan Jones   主演: 杰克·吉伦哈尔 Jake Gyllenhaal / ...,2011 / 美国 加拿大 / 科幻 悬疑 惊悚,8.4,525185人评价
215,https://img1.doubanio.com/view/photo/s_ratio_poster/public/p1421018669.jpg,嬉笑怒骂，调风动月。,新龙门客栈, / 新龍門客棧,导演: 李惠民 Raymond Lee   主演: 张曼玉 Maggie Cheung / 林青霞 Brigitte ...,1992 / 中国香港 中国大陆 / 动作 爱情 武侠 古装,8.6,262169人评价
216,https://img3.doubanio.com/view/photo/s_ratio_poster/public/p2561539680.jpg,日本的家庭电影已经是世界巅峰了，步履不停是巅峰中的佳作。,步履不停, / 歩いても 歩いても,导演: 是枝裕和 Hirokazu Koreeda   主演: 阿部宽 Hiroshi Abe / 夏川结衣 Yu...,2008 / 日本 / 剧情 家庭,8.8,142456人评价
217,https://img3.doubanio.com/view/photo/s_ratio_poster/public/p2510956726.jpg,宝莱坞的萝莉与大叔。,小萝莉的猴神大叔, / Bajrangi Bhaijaan,导演: 卡比尔·汗 Kabir Khan   主演: 萨尔曼·汗 Salman Khan / 哈莎莉·马...,2015 / 印度 / 剧情 喜剧 动作,8.5,277463人评价
218,https://img3.doubanio.com/view/photo/s_ratio_poster/public/p770734475.jpg,昆汀同学越来越变态了，比北野武还杜琪峰。,无耻混蛋, / Inglourious Basterds,导演: Quentin Tarantino   主演: 布拉德·皮特 Brad Pitt / 梅拉尼·罗兰 M...,2009 / 美国 德国 / 剧情 犯罪,8.5,298184人评价
219,https://img1.doubanio.com/view/photo/s_ratio_poster/public/p2360940399.jpg,揭露人性的丧尸题材力作。,釜山行, / 부산행,导演: 延尚昊 Sang-ho Yeon   主演: 孔侑 Yoo Gong / 郑有美 Yu-mi Jung / 马...,2016 / 韩国 / 动作 惊悚 灾难,8.4,578159人评价
220,https://img3.doubanio.com/view/photo/s_ratio_poster/public/p2250287733.jpg,爱我就给我看你的播放列表。,再次出发之纽约遇见你, / Begin Again,导演: 约翰·卡尼 John Carney   主演: 凯拉·奈特莉 Keira Knightley / 马克...,2013 / 美国 / 喜剧 爱情 音乐,8.5,249011人评价
221,https://img3.doubanio.com/view/photo/s_ratio_poster/public/p2189835254.jpg,只有有信仰的人才能说出事实真相。,一次别离, / جدایی نادر از سیمین,导演: 阿斯哈·法哈蒂  Asghar Farhadi   主演: 佩曼·莫阿迪 Peyman Moadi /...,2011 / 伊朗 法国 / 剧情 家庭,8.7,170030人评价
222,https://img3.doubanio.com/view/photo/s_ratio_poster/public/p2074443514.jpg,诺兰的牛逼来源于内心散发出的恐惧。,追随, / Following,导演: 克里斯托弗·诺兰 Christopher Nolan   主演: 杰里米·西奥伯德 Jeremy...,1998 / 英国 / 犯罪 悬疑 惊悚,8.9,109721人评价
223,https://img1.doubanio.com/view/photo/s_ratio_poster/public/p1903379979.jpg,要做就做得狠一点，这样才能活下去。,新世界, / 신세계,导演: 朴勋政 Hoon-jung Park   主演: 李政宰 Jung-Jae Lee / 崔岷植 Min-sik...,2013 / 韩国 / 剧情 犯罪,8.7,155061人评价
224,https://img3.doubanio.com/view/photo/s_ratio_poster/public/p1244017073.jpg,每个美丽事物背后都是滴血的现实。,血钻, / Blood Diamond,导演: 爱德华·兹威克 Edward Zwick   主演: 莱昂纳多·迪卡普里奥 Leonardo ...,2006 / 美国 德国 / 剧情 惊悚 冒险,8.6,199893人评价
225,https://img3.doubanio.com/view/photo/s_ratio_poster/public/p2187896734.jpg,小成本大魅力。,彗星来的那一夜, / Coherence,导演: 詹姆斯·沃德·布柯特 James Ward Byrkit   主演: 艾米丽·芭尔多尼 Em...,2013 / 美国 英国 / 科幻 悬疑 惊悚,8.5,281392人评价
226,https://img3.doubanio.com/view/photo/s_ratio_poster/public/p2500694952.jpg,现代科幻电影的开山之作，最伟大导演的最伟大影片。,2001太空漫游, / 2001: A Space Odyssey,导演: 斯坦利·库布里克 Stanley Kubrick   主演: 凯尔·杜拉 Keir Dullea / ...,1968 / 英国 美国 / 科幻 惊悚 冒险,8.7,152276人评价
227,https://img1.doubanio.com/view/photo/s_ratio_poster/public/p2170238828.jpg,永远的小人物，伟大的卓别林。,城市之光, / City Lights,导演: Charles Chaplin   主演: 查理·卓别林 Charles Chaplin / 弗吉尼亚·...,1931 / 美国 / 喜剧 剧情 爱情,9.3,66226人评价
228,https://img3.doubanio.com/view/photo/s_ratio_poster/public/p1925331564.jpg,东京那么大，如果有一天走失了，恐怕一辈子不能再相见。,东京物语, / 東京物語,导演: 小津安二郎 Yasujirô Ozu   主演: 笠智众 Chishû Ryû / 原节...,1953 / 日本 / 剧情 家庭,9.2,73958人评价
229,https://img3.doubanio.com/view/photo/s_ratio_poster/public/p767586451.jpg,天使暂时离开。,绿里奇迹, / The Green Mile,导演: Frank Darabont   主演: 汤姆·汉克斯 Tom Hanks / 大卫·摩斯 David M...,1999 / 美国 / 犯罪 剧情 奇幻 悬疑,8.7,149154人评价
230,https://img3.doubanio.com/view/photo/s_ratio_poster/public/p2075132390.jpg,天使与魔鬼的冲撞。,撞车, / Crash,导演: 保罗·哈吉斯 Paul Haggis   主演: 桑德拉·布洛克 Sandra Bullock / ...,2004 / 美国 德国 / 犯罪 剧情,8.6,221099人评价
231,https://img3.doubanio.com/view/photo/s_ratio_poster/public/p884936202.jpg,一场没有春天的噩梦。,梦之安魂曲, / Requiem for a Dream,导演: 达伦·阿伦诺夫斯基 Darren Aronofsky   主演: 艾伦·伯斯汀 Ellen Bur...,2000 / 美国 / 剧情,8.7,146130人评价
232,https://img3.doubanio.com/view/photo/s_ratio_poster/public/p2236181653.jpg,“多么美好的一天！”轰轰轰砰咚，啪哒哒哒轰隆隆，磅~,疯狂的麦克斯4：狂暴之路, / Mad Max: Fury Road,导演: 乔治·米勒 George Miller   主演: 汤姆·哈迪 Tom Hardy / 查理兹·塞...,2015 / 澳大利亚 美国 / 动作 科幻 冒险,8.6,301685人评价
233,https://img1.doubanio.com/view/photo/s_ratio_poster/public/p2263822658.jpg,新闻人的理性求真。,聚焦, / Spotlight,导演: 托马斯·麦卡锡 Thomas McCarthy   主演: 马克·鲁弗洛 Mark Ruffalo /...,2015 / 美国 / 剧情 传记,8.8,174765人评价
234,https://img3.doubanio.com/view/photo/s_ratio_poster/public/p984732992.jpg,生病的E.T.皮肤的颜色就像柿子饼。,E.T. 外星人, / E.T.: The Extra-Terrestrial,导演: 史蒂文·斯皮尔伯格 Steven Spielberg   主演: 亨利·托马斯 Henry Tho...,1982 / 美国 / 剧情 科幻,8.6,213992人评价
235,https://img3.doubanio.com/view/photo/s_ratio_poster/public/p1910900710.jpg,还原真实而残酷的战争。,黑鹰坠落, / Black Hawk Down,导演: 雷德利·斯科特 Ridley Scott   主演: 乔什·哈奈特 Josh Hartnett / ...,2001 / 美国 / 动作 历史 战争,8.6,172085人评价
236,https://img3.doubanio.com/view/photo/s_ratio_poster/public/p513303986.jpg,科幻真正的魅力不是视觉效果能取代的。 ,这个男人来自地球, / The Man from Earth,导演: 理查德·沙因克曼 Richard Schenkman   主演: 大卫·李·史密斯 David ...,2007 / 美国 / 剧情 科幻,8.5,247370人评价
237,https://img3.doubanio.com/view/photo/s_ratio_poster/public/p794583044.jpg,没有了退路，只好飞向自由。,末路狂花, / Thelma & Louise,导演: 雷德利·斯科特 Ridley Scott   主演: 吉娜·戴维斯 Geena Davis / 苏...,1991 / 美国 法国 / 犯罪 剧情 惊悚,8.7,139573人评价
238,https://img3.doubanio.com/view/photo/s_ratio_poster/public/p708613284.jpg,用剩余不多的时间，去燃烧整个生命。,遗愿清单, / The Bucket List,导演: 罗伯·莱纳 Rob Reiner   主演: 杰克·尼科尔森 Jack Nicholson / 摩根...,2007 / 美国 / 冒险 喜剧 剧情,8.6,195133人评价
239,https://img3.doubanio.com/view/photo/s_ratio_poster/public/p529908155.jpg,我完全康复了。,发条橙, / A Clockwork Orange,导演: Stanley Kubrick   主演: Malcolm McDowell / Patrick Magee / Michael...,1971 / 英国 美国 / 犯罪 剧情 科幻,8.5,240310人评价
240,https://img3.doubanio.com/view/photo/s_ratio_poster/public/p2173855883.jpg,当发哥的风衣、墨镜出现在了凯奇身上⋯⋯,变脸, / Face/Off,导演: 吴宇森 John Woo   主演: 约翰·特拉沃尔塔 John Travolta / 尼古拉斯...,1997 / 美国 / 动作 科幻 犯罪 惊悚,8.4,275291人评价
241,https://img1.doubanio.com/view/photo/s_ratio_poster/public/p768879237.jpg,皇上无话儿。,国王的演讲, / The King's Speech,导演: 汤姆·霍珀 Tom Hooper   主演: 柯林·菲尔斯 Colin Firth / 杰弗里·...,2010 / 英国 澳大利亚 美国 / 剧情 传记 历史,8.4,440231人评价
242,https://img1.doubanio.com/view/photo/s_ratio_poster/public/p1075591188.jpg,你要相信，这世上真的有爱存在，不管在什么年纪 ,我爱你, / 그대를 사랑합니다,导演: 秋昌民 Chang-min Choo   主演: 宋在河 Jae-ho Song / 李顺载 Soon-jae...,2011 / 韩国 / 剧情 爱情,9.0,86027人评价
243,https://img3.doubanio.com/view/photo/s_ratio_poster/public/p636048104.jpg,类型片的极致。 ,勇闯夺命岛, / The Rock,导演: 迈克尔·贝 Michael Bay   主演: 肖恩·康纳利 Sean Connery / 尼古拉...,1996 / 美国 / 动作 冒险,8.6,184085人评价
244,https://img3.doubanio.com/view/photo/s_ratio_poster/public/p2195672555.jpg,一部能引人思考的科幻励志片。,千钧一发, / Gattaca,导演: 安德鲁·尼科尔 Andrew Niccol   主演: 伊桑·霍克 Ethan Hawke / 乌玛...,1997 / 美国 / 剧情 科幻 惊悚,8.7,133652人评价
245,https://img3.doubanio.com/view/photo/s_ratio_poster/public/p1082651990.jpg,魔法的密室之门已打开...,哈利·波特与密室, / Harry Potter and the Chamber of Secrets,导演: Chris Columbus   主演: 丹尼尔·雷德克里夫 Daniel Radcliffe / 艾玛...,2002 / 美国 英国 德国 / 奇幻 冒险,8.4,286735人评价
246,https://img1.doubanio.com/view/photo/s_ratio_poster/public/p1910812549.jpg,,哈利·波特与阿兹卡班的囚徒, / Harry Potter and the Prisoner of Azkaban,导演: Alfonso Cuarón   主演: 丹尼尔·雷德克里夫 Daniel Radcliffe / Emma...,2004 / 英国 美国 / 剧情 奇幻 冒险,8.5,267425人评价
247,https://img1.doubanio.com/view/photo/s_ratio_poster/public/p2101693489.jpg,最棒的西部片。,黄金三镖客, / Il buono, il brutto, il cattivo.,导演: Sergio Leone   主演: Clint Eastwood / Eli Wallach / Lee Van Cleef,1966 / 意大利 西班牙 西德 / 冒险 西部,9.1,72046人评价
248,https://img3.doubanio.com/view/photo/s_ratio_poster/public/p2537319495.jpg,我不信仰上帝，但我敬畏上帝。,非常嫌疑犯, / The Usual Suspects,导演: 布莱恩·辛格 Bryan Singer   主演: 史蒂芬·鲍德温 Stephen Baldwin /...,1995 / 德国 美国 / 剧情 犯罪 悬疑 惊悚,8.6,165450人评价
249,https://img3.doubanio.com/view/photo/s_ratio_poster/public/p2393044761.jpg,过去的如果就让它过去了，未来只会越来越糟！,驴得水,导演: 周申 Shen Zhou / 刘露 Lu Liu   主演: 任素汐 Suxi Ren / 大力 Da Li ...,2016 / 中国大陆 / 剧情 喜剧,8.3,512288人评价
250,https://img3.doubanio.com/view/photo/s_ratio_poster/public/p982896012.jpg,青春就是放弃和怀念。,秒速5厘米, / 秒速5センチメートル,导演: 新海诚 Makoto Shinkai   主演: 水桥研二 Kenji Mizuhashi / 近藤好美 ...,2007 / 日本 / 动画 剧情 爱情,8.3,418658人评价
